Bits modulo,Tiempo usando TXR (s),Tiempo sin usar TXR (s)
512,0.2035771131515503,0.45932271480560305
1024,1.017091202735901,2.9854198932647704
2048,6.618101668357849,21.721025252342223
4096,42.645527029037474,143.70333063602448
